,total_revenue,annualized_revenue,rev_per_kw_yr,cycles,capture_rate
Perfect Foresight,241578.19194897506,958435.2180584336,38.337408722337344,69.89218845914101,100.0
Threshold (30/60),19408.93184524501,77002.82742950466,3.0801130971801864,2.5,8.034223490398698
ML Forecast (Random Forest),207094.455890116,821624.7434770906,32.864989739083626,92.25,85.72564196268902
