,MAE,RMSE,R²,MAPE
Random Forest,4.818118222883685,8.127801212916332,0.7451776559763923,167.31226449680108
Ridge Regression,4.873303677386227,7.95799789637285,0.7557137628910587,164.86221871220158
Linear Regression,4.8741473712073375,7.9638553122042985,0.7553540209843699,163.37164047988207
Gradient Boosting,5.563651928752647,9.96593865649653,0.6168862147637343,165.57422171086316
